[
    {
        "code": "1",
        "title": "Bali"
    },
    {
        "code": "2",
        "title": "Bangka Belitung"
    },
    {
        "code": "3",
        "title": "Banten"
    },
    {
        "code": "4",
        "title": "Bengkulu"
    },
    {
        "code": "5",
        "title": "DI Yogyakarta"
    },
    {
        "code": "6",
        "title": "DKI Jakarta"
    },
    {
        "code": "7",
        "title": "Gorontalo"
    },
    {
        "code": "8",
        "title": "Jambi"
    },
    {
        "code": "9",
        "title": "Jawa Barat"
    },
    {
        "code": "10",
        "title": "Jawa Tengah"
    },
    {
        "code": "11",
        "title": "Jawa Timur"
    },
    {
        "code": "12",
        "title": "Kalimantan Barat"
    },
    {
        "code": "13",
        "title": "Kalimantan Selatan"
    },
    {
        "code": "14",
        "title": "Kalimantan Tengah"
    },
    {
        "code": "15",
        "title": "Kalimantan Timur"
    },
    {
        "code": "16",
        "title": "Kalimantan Utara"
    },
    {
        "code": "17",
        "title": "Kepulauan Riau"
    },
    {
        "code": "18",
        "title": "Lampung"
    },
    {
        "code": "19",
        "title": "Maluku"
    },
    {
        "code": "20",
        "title": "Maluku Utara"
    },
    {
        "code": "21",
        "title": "Nanggroe Aceh Darussalam (NAD)"
    },
    {
        "code": "22",
        "title": "Nusa Tenggara Barat (NTB)"
    },
    {
        "code": "23",
        "title": "Nusa Tenggara Timur (NTT)"
    },
    {
        "code": "24",
        "title": "Papua"
    },
    {
        "code": "25",
        "title": "Papua Barat"
    },
    {
        "code": "26",
        "title": "Riau"
    },
    {
        "code": "27",
        "title": "Sulawesi Barat"
    },
    {
        "code": "28",
        "title": "Sulawesi Selatan"
    },
    {
        "code": "29",
        "title": "Sulawesi Tengah"
    },
    {
        "code": "30",
        "title": "Sulawesi Tenggara"
    },
    {
        "code": "31",
        "title": "Sulawesi Utara"
    },
    {
        "code": "32",
        "title": "Sumatera Barat"
    },
    {
        "code": "33",
        "title": "Sumatera Selatan"
    },
    {
        "code": "34",
        "title": "Sumatera Utara"
    }
]